Feature,Mean_SHAP,Rank
Discount,3.174493925990166,1
Sub-Category,1.0565019284379873,2
Discount_Tier,0.43669084116802626,3
Category,0.42188050490671436,4
Ship Mode,0.23759663148214358,5
Order_DayOfWeek,0.20986320731995972,6
Shipping_Days,0.20518183474741233,7
Order_Month,0.17675706982438188,8
Quantity,0.1669945589118854,9
Region,0.13133511134060222,10
Segment,0.12914572437466756,11
Order_Year,0.11014969046241539,12
Order_Quarter,0.05329250219973302,13
